uid,workspacePath,gitBranch,gitCommit,filePath,eventType,date,start,end,duration
"jYBKm5h5TZt8g2WulGALR","d:\_HTBO\HTBO","Session-handling","a5767f76b66cad1c95d1a4685762f1d1753fce36","backend\src\server.js","activeTextEditorChange:activeTextEditorChange",1739314800000,1739373032670,1739373058739,26069
"dzmiJMpqqd4pNVnrS9BVa","d:\_HTBO\HTBO","Session-handling","a5767f76b66cad1c95d1a4685762f1d1753fce36","package.json","activeTextEditorChange:activeTextEditorChange",1739314800000,1739373058739,1739373061647,2908
"CTAoHCI3BH6Mo-mS6jPY_","d:\_HTBO\HTBO","Session-handling","a5767f76b66cad1c95d1a4685762f1d1753fce36","backend\src\app.js","activeTextEditorChange:activeTextEditorChange",1739314800000,1739373061647,1739373066159,4512
"djexdmM5yRj4-lLDveD4L","d:\_HTBO\HTBO","Session-handling","a5767f76b66cad1c95d1a4685762f1d1753fce36","backend\package.json","activeTextEditorChange:activeTextEditorChange",1739314800000,1739373066159,1739373072635,6476
"Ix3v75VYdadmd8CtM50k9","d:\_HTBO\HTBO","Session-handling","a5767f76b66cad1c95d1a4685762f1d1753fce36","backend\pnpm-lock.yaml","activeTextEditorChange:activeTextEditorChange",1739314800000,1739373072635,1739373077701,5066
"P5srWEbcQQLqHW_oo7any","d:\_HTBO\HTBO","Session-handling","a5767f76b66cad1c95d1a4685762f1d1753fce36","pnpm-lock.yaml","activeTextEditorChange:activeTextEditorChange",1739314800000,1739373077701,1739373079912,2211
"dC1Rq2VrlP36ocf8V3L6S","d:\_HTBO\HTBO","Session-handling","a5767f76b66cad1c95d1a4685762f1d1753fce36","package.json","activeTextEditorChange:activeTextEditorChange",1739314800000,1739373079912,1739373114915,35003
"vJlpzx-UFYjaDMvIdsnlK","d:\_HTBO\HTBO","Session-handling","a5767f76b66cad1c95d1a4685762f1d1753fce36",".gitignore","activeTextEditorChange:dispose",1739314800000,1739373114915,1739373127658,12743
"5pSIDoio8QUkvz3EG5ms2","d:\_HTBO\HTBO","","",".gitignore","extensionInit:activeTextEditorChange",1739314800000,1739373130716,1739373138783,8067
"Ok0j4A8oS_4z9eU1zpNUl","d:\_HTBO\HTBO","Session-handling","a5767f76b66cad1c95d1a4685762f1d1753fce36","package.json","activeTextEditorChange:activityTimeout",1739314800000,1739373138783,1739373257350,118567
"FhHXiOKQKQ4lXL0TCLv5E","d:\_HTBO\HTBO","Session-handling","a5767f76b66cad1c95d1a4685762f1d1753fce36","package.json","windowFocus:activityTimeout",1739314800000,1739373374058,1739373444923,70865
"RPTOUV_boKdZijQLz-jj-","d:\_HTBO\HTBO","Session-handling","a5767f76b66cad1c95d1a4685762f1d1753fce36","package.json","windowFocus:activityTimeout",1739314800000,1739373509455,1739373818080,308625
"mF5Dq7LXqt0xwFQ1govru","d:\_HTBO\HTBO","Session-handling","a5767f76b66cad1c95d1a4685762f1d1753fce36","package.json","windowFocus:activeTextEditorChange",1739314800000,1739373878608,1739373899595,20987
"eSuW6-IG2xLo-NUMpNF2g","d:\_HTBO\HTBO","Session-handling","a5767f76b66cad1c95d1a4685762f1d1753fce36","backend\test\userAPI.test.js","activeTextEditorChange:activeTextEditorChange",1739314800000,1739373899595,1739373984468,84873
"OHD8YbglmXdHBjZL0Fpch","d:\_HTBO\HTBO","Session-handling","a5767f76b66cad1c95d1a4685762f1d1753fce36","README.md","activeTextEditorChange:activeTextEditorChange",1739314800000,1739373984468,1739373986910,2442
"cUvDmEM3mJovG-7KHxflq","d:\_HTBO\HTBO","Session-handling","a5767f76b66cad1c95d1a4685762f1d1753fce36","package.json","activeTextEditorChange:activeTextEditorChange",1739314800000,1739373986910,1739374085800,98890
"g6IWGRV9KQ9iuvgL5cqiR","d:\_HTBO\HTBO","Session-handling","a5767f76b66cad1c95d1a4685762f1d1753fce36","backend\test\userAPI.test.js","activeTextEditorChange:activityTimeout",1739314800000,1739374085800,1739374250412,164612
"mSP-EN3MCCHAVFQHOOvPg","d:\_HTBO\HTBO","Session-handling","a5767f76b66cad1c95d1a4685762f1d1753fce36","backend\test\userAPI.test.js","windowFocus:activeTextEditorChange",1739314800000,1739374429531,1739375106566,677035
"-Kvp0pT1TpqTl4Zmsd6Rv","d:\_HTBO\HTBO","Session-handling","a5767f76b66cad1c95d1a4685762f1d1753fce36","backend\src\models\User.js","activeTextEditorChange:activeTextEditorChange",1739314800000,1739375106566,1739375114520,7954
"e3M0yNOOilIuDgdczlYL0","d:\_HTBO\HTBO","Session-handling","a5767f76b66cad1c95d1a4685762f1d1753fce36","backend\src\controllers\userController.js","activeTextEditorChange:activeTextEditorChange",1739314800000,1739375114520,1739375139408,24888
"-4p5VQ47SzYu7xMbKEbo6","d:\_HTBO\HTBO","Session-handling","a5767f76b66cad1c95d1a4685762f1d1753fce36","backend\test\userAPI.test.js","activeTextEditorChange:activeTextEditorChange",1739314800000,1739375139408,1739375269295,129887
"ooPZ9iLmIV8Mqm9KMRo62","d:\_HTBO\HTBO","Session-handling","a5767f76b66cad1c95d1a4685762f1d1753fce36","backend\src\app.js","activeTextEditorChange:activeTextEditorChange",1739314800000,1739375269295,1739375273832,4537
"_KGcFa2zNJAZtZKDiLZ44","d:\_HTBO\HTBO","Session-handling","a5767f76b66cad1c95d1a4685762f1d1753fce36","backend\test\userAPI.test.js","activeTextEditorChange:activeTextEditorChange",1739314800000,1739375273832,1739375704496,430664
"LvAtgOOf9agZg3lneiS2K","d:\_HTBO\HTBO","Session-handling","a5767f76b66cad1c95d1a4685762f1d1753fce36","todo.md","activeTextEditorChange:activeTextEditorChange",1739314800000,1739375704496,1739375753508,49012
"h3QvVT6w1iASwhKhpwudO","d:\_HTBO\HTBO","Session-handling","a5767f76b66cad1c95d1a4685762f1d1753fce36","backend\test\userAPI.test.js","activeTextEditorChange:activeTextEditorChange",1739314800000,1739375753508,1739376056069,302561
"25pFDmU7TU4P0-O3YdK2J","d:\_HTBO\HTBO","Session-handling","a5767f76b66cad1c95d1a4685762f1d1753fce36","backend\src\app.js","activeTextEditorChange:activeTextEditorChange",1739314800000,1739376056069,1739376068536,12467
"Dop5QDp6MSQA4H1nGIf6q","d:\_HTBO\HTBO","Session-handling","a5767f76b66cad1c95d1a4685762f1d1753fce36","backend\test\userAPI.test.js","activeTextEditorChange:dispose",1739314800000,1739376068536,1739376191875,123339
"rB4tJMl8F7w3SrGd2fyxA","d:\_HTBO\HTBO","","","backend\test\userAPI.test.js","extensionInit:activityTimeout",1739314800000,1739376195779,1739376195787,8
"Gs6FrvMfsueMLo-OGAvH1","d:\_HTBO\HTBO","Session-handling","a5767f76b66cad1c95d1a4685762f1d1753fce36","backend\test\userAPI.test.js","editorSelectionChange:activityTimeout",1739314800000,1739376287797,1739376362945,75148
"seTrE1Tx-I8qOvXoemtll","d:\_HTBO\HTBO","Session-handling","a5767f76b66cad1c95d1a4685762f1d1753fce36","backend\test\userAPI.test.js","windowFocus:activeTextEditorChange",1739314800000,1739376443823,1739376459281,15458
"I1IrqQjE7JaS_HpYBDODc","d:\_HTBO\HTBO","Session-handling","a5767f76b66cad1c95d1a4685762f1d1753fce36","backend\src\app.js","activeTextEditorChange:activeTextEditorChange",1739314800000,1739376459281,1739376519825,60544
"gNf2ODv7JDX2OqcoDrr6f","d:\_HTBO\HTBO","Session-handling","a5767f76b66cad1c95d1a4685762f1d1753fce36","backend\src\server.js","activeTextEditorChange:activeTextEditorChange",1739314800000,1739376519825,1739376555914,36089
"v2au1lXMxkgJ4Fz_qDeJ4","d:\_HTBO\HTBO","Session-handling","a5767f76b66cad1c95d1a4685762f1d1753fce36","backend\src\controllers\userController.js","activeTextEditorChange:activeTextEditorChange",1739314800000,1739376555914,1739376558393,2479
"u3d_ovaPuF-nno2pC9XrS","d:\_HTBO\HTBO","Session-handling","a5767f76b66cad1c95d1a4685762f1d1753fce36",".env","activeTextEditorChange:activeTextEditorChange",1739314800000,1739376558393,1739376576324,17931
"iPwHr3Ncgymtdsk-etUiq","d:\_HTBO\HTBO","Session-handling","a5767f76b66cad1c95d1a4685762f1d1753fce36","backend\src\app.js","activeTextEditorChange:activeTextEditorChange",1739314800000,1739376576324,1739376583390,7066
"nbAqTSqOiT1Jc2woY-rUY","d:\_HTBO\HTBO","Session-handling","a5767f76b66cad1c95d1a4685762f1d1753fce36","backend\src\config\db.js","activeTextEditorChange:activeTextEditorChange",1739314800000,1739376583390,1739376588513,5123
"X7jGTycJm6G9Hs8NfGd05","d:\_HTBO\HTBO","Session-handling","a5767f76b66cad1c95d1a4685762f1d1753fce36",".env","activeTextEditorChange:activeTextEditorChange",1739314800000,1739376588513,1739376589395,882
"qf1jl3TJ3YoMvap60ICVo","d:\_HTBO\HTBO","Session-handling","a5767f76b66cad1c95d1a4685762f1d1753fce36","backend\src\controllers\userController.js","activeTextEditorChange:activeTextEditorChange",1739314800000,1739376589395,1739376590330,935
"tEfTp1BHhvJ2xgm61KfA_","d:\_HTBO\HTBO","Session-handling","a5767f76b66cad1c95d1a4685762f1d1753fce36","backend\src\server.js","activeTextEditorChange:activeTextEditorChange",1739314800000,1739376590330,1739376591426,1096
"TjZECRKnD8aiePPRKQPqg","d:\_HTBO\HTBO","Session-handling","a5767f76b66cad1c95d1a4685762f1d1753fce36","backend\src\controllers\userController.js","activeTextEditorChange:activeTextEditorChange",1739314800000,1739376591426,1739376594867,3441
"wxQJAFuhaB3dSKXCFQO5H","d:\_HTBO\HTBO","Session-handling","a5767f76b66cad1c95d1a4685762f1d1753fce36",".env","activeTextEditorChange:activeTextEditorChange",1739314800000,1739376594867,1739376600682,5815
"dn_ViNZaYCWp4a5oHujLA","d:\_HTBO\HTBO","Session-handling","a5767f76b66cad1c95d1a4685762f1d1753fce36","backend\src\server.js","activeTextEditorChange:activeTextEditorChange",1739314800000,1739376600682,1739376623361,22679
"IaESk_5FjZz1CbXvFmGg8","d:\_HTBO\HTBO","Session-handling","a5767f76b66cad1c95d1a4685762f1d1753fce36","backend\src\app.js","activeTextEditorChange:activeTextEditorChange",1739314800000,1739376623361,1739376631627,8266
"B4Od6PeywZLtp3tvD-WUC","d:\_HTBO\HTBO","Session-handling","a5767f76b66cad1c95d1a4685762f1d1753fce36","backend\test\userAPI.test.js","activeTextEditorChange:activeTextEditorChange",1739314800000,1739376631627,1739376647595,15968
"LN03yC8HATd_I58_1Xl1-","d:\_HTBO\HTBO","Session-handling","a5767f76b66cad1c95d1a4685762f1d1753fce36",".env","activeTextEditorChange:activeTextEditorChange",1739314800000,1739376647595,1739376648370,775
"7SeiyYaoUQ4IgcfIaPdtR","d:\_HTBO\HTBO","Session-handling","a5767f76b66cad1c95d1a4685762f1d1753fce36","backend\test\userAPI.test.js","activeTextEditorChange:activeTextEditorChange",1739314800000,1739376648370,1739376652042,3672
"HqHWzRDj9r_CTSkknsXNJ","d:\_HTBO\HTBO","Session-handling","a5767f76b66cad1c95d1a4685762f1d1753fce36",".env","activeTextEditorChange:activeTextEditorChange",1739314800000,1739376652042,1739376655665,3623
"BJD5a-_SVMYJyWda4tZtL","d:\_HTBO\HTBO","Session-handling","a5767f76b66cad1c95d1a4685762f1d1753fce36","backend\test\userAPI.test.js","activeTextEditorChange:activeTextEditorChange",1739314800000,1739376655665,1739376710444,54779
"IaG-2yK3OyD7BY8ysEph4","d:\_HTBO\HTBO","Session-handling","a5767f76b66cad1c95d1a4685762f1d1753fce36","backend\src\app.js","activeTextEditorChange:activeTextEditorChange",1739314800000,1739376710444,1739376753743,43299
"RNeOvCFwxY--_660vTAzk","d:\_HTBO\HTBO","Session-handling","a5767f76b66cad1c95d1a4685762f1d1753fce36","backend\test\userAPI.test.js","activeTextEditorChange:activeTextEditorChange",1739314800000,1739376753743,1739376778247,24504
"HnxvQlxOhRQsrQXpG6F15","d:\_HTBO\HTBO","Session-handling","a5767f76b66cad1c95d1a4685762f1d1753fce36","backend\src\app.js","activeTextEditorChange:activeTextEditorChange",1739314800000,1739376778247,1739376847498,69251
"nXgJapqjmTp3l1Xs-bqDQ","d:\_HTBO\HTBO","Session-handling","a5767f76b66cad1c95d1a4685762f1d1753fce36",".env","activeTextEditorChange:activeTextEditorChange",1739314800000,1739376847498,1739376855495,7997
"VMeaqC7wBnC1hN-sOIYwr","d:\_HTBO\HTBO","Session-handling","a5767f76b66cad1c95d1a4685762f1d1753fce36","backend\src\server.js","activeTextEditorChange:activeTextEditorChange",1739314800000,1739376855495,1739376858624,3129
"IiDffuYX9fOSpPOI3ZtZs","d:\_HTBO\HTBO","Session-handling","a5767f76b66cad1c95d1a4685762f1d1753fce36","backend\src\app.js","activeTextEditorChange:activeTextEditorChange",1739314800000,1739376858624,1739376873980,15356
"frsSfRvzFHBlHngFeMyUo","d:\_HTBO\HTBO","Session-handling","a5767f76b66cad1c95d1a4685762f1d1753fce36","backend\test\userAPI.test.js","activeTextEditorChange:activeTextEditorChange",1739314800000,1739376873980,1739376874464,484
"anSXJIDNiHJaP3cSS5opg","d:\_HTBO\HTBO","Session-handling","a5767f76b66cad1c95d1a4685762f1d1753fce36","backend\src\server.js","activeTextEditorChange:activeTextEditorChange",1739314800000,1739376874464,1739376919951,45487
"4TFBAf_LHojshvE7omNYP","d:\_HTBO\HTBO","Session-handling","a5767f76b66cad1c95d1a4685762f1d1753fce36","package.json","activeTextEditorChange:activeTextEditorChange",1739314800000,1739376919951,1739376941065,21114
"TXIbhLTMt_vOKSFHPPlPf","d:\_HTBO\HTBO","Session-handling","a5767f76b66cad1c95d1a4685762f1d1753fce36","backend\src\server.js","activeTextEditorChange:activeTextEditorChange",1739314800000,1739376941065,1739376945019,3954
"KR-gWEftwuNxhySkyZidP","d:\_HTBO\HTBO","Session-handling","a5767f76b66cad1c95d1a4685762f1d1753fce36","package.json","activeTextEditorChange:activeTextEditorChange",1739314800000,1739376945019,1739376950853,5834
"Ye5IG770zS527PbjdJzSs","d:\_HTBO\HTBO","Session-handling","a5767f76b66cad1c95d1a4685762f1d1753fce36","backend\src\app.js","activeTextEditorChange:activeTextEditorChange",1739314800000,1739376950853,1739376956814,5961
"9wsXIxjDDzluPXYiORsfN","d:\_HTBO\HTBO","Session-handling","a5767f76b66cad1c95d1a4685762f1d1753fce36","backend\src\server.js","activeTextEditorChange:activeTextEditorChange",1739314800000,1739376956814,1739376962980,6166
"JuRuFS94u5C2q3xSfSowg","d:\_HTBO\HTBO","Session-handling","a5767f76b66cad1c95d1a4685762f1d1753fce36","backend\src\app.js","activeTextEditorChange:activeTextEditorChange",1739314800000,1739376962980,1739376966630,3650
"WigiS1oqwOJ1Bcj-e1wbw","d:\_HTBO\HTBO","Session-handling","a5767f76b66cad1c95d1a4685762f1d1753fce36","backend\test\userAPI.test.js","activeTextEditorChange:activeTextEditorChange",1739314800000,1739376966630,1739376976075,9445
"FMDNKm10C5hyuzX9O8Xx6","d:\_HTBO\HTBO","Session-handling","a5767f76b66cad1c95d1a4685762f1d1753fce36","package.json","activeTextEditorChange:activeTextEditorChange",1739314800000,1739376976075,1739377029258,53183
"av-hdbKNng0zdJloZZhsh","d:\_HTBO\HTBO","Session-handling","a5767f76b66cad1c95d1a4685762f1d1753fce36","backend\test\userAPI.test.js","activeTextEditorChange:activeTextEditorChange",1739314800000,1739377029258,1739377031830,2572
"LkHq5hROpCWCzyV3qFN1_","d:\_HTBO\HTBO","Session-handling","a5767f76b66cad1c95d1a4685762f1d1753fce36","backend\src\app.js","activeTextEditorChange:activeTextEditorChange",1739314800000,1739377031830,1739377047716,15886
"1isX3IsP7G_tlAILFCz9q","d:\_HTBO\HTBO","Session-handling","a5767f76b66cad1c95d1a4685762f1d1753fce36",".env","activeTextEditorChange:activeTextEditorChange",1739314800000,1739377047716,1739377048689,973
"CQKifssFmpVIIaBAiYS6P","d:\_HTBO\HTBO","Session-handling","a5767f76b66cad1c95d1a4685762f1d1753fce36","backend\src\server.js","activeTextEditorChange:activeTextEditorChange",1739314800000,1739377048689,1739377055647,6958
"-TWOUSg2--XfgoRMuvW-T","d:\_HTBO\HTBO","Session-handling","a5767f76b66cad1c95d1a4685762f1d1753fce36","backend\src\app.js","activeTextEditorChange:activeTextEditorChange",1739314800000,1739377055647,1739377081477,25830
"AC76i5J8sq0bwOvmMw5oo","d:\_HTBO\HTBO","Session-handling","a5767f76b66cad1c95d1a4685762f1d1753fce36","backend\test\userAPI.test.js","activeTextEditorChange:activeTextEditorChange",1739314800000,1739377081477,1739377098652,17175
"EhR19TZKXr_AMQ3ewj2Qq","d:\_HTBO\HTBO","Session-handling","a5767f76b66cad1c95d1a4685762f1d1753fce36","backend\src\config\db.js","activeTextEditorChange:activeTextEditorChange",1739314800000,1739377098652,1739377108572,9920
"LtsBLTlG5QCaoLadhJ1Ui","d:\_HTBO\HTBO","Session-handling","a5767f76b66cad1c95d1a4685762f1d1753fce36","backend\test\userAPI.test.js","activeTextEditorChange:activeTextEditorChange",1739314800000,1739377108572,1739377364440,255868
"3_ktKpOebkjKnBy7rVvdU","d:\_HTBO\HTBO","Session-handling","a5767f76b66cad1c95d1a4685762f1d1753fce36","backend\src\server.js","activeTextEditorChange:activeTextEditorChange",1739314800000,1739377364440,1739377372772,8332
"VOE3aSnJyJnFAtt6ahyPj","d:\_HTBO\HTBO","","","extension-output-Emeraldwalk.vscode-timespent-#1-Time Spent","activeTextEditorChange:activeTextEditorChange",1739314800000,1739377372772,1739377381164,8392
"8hXy023emEvJkDnvXHFKg","d:\_HTBO\HTBO","Session-handling","a5767f76b66cad1c95d1a4685762f1d1753fce36","backend\src\server.js","activeTextEditorChange:activeTextEditorChange",1739314800000,1739377381164,1739377382829,1665
"_AludOQz0Xyi_s1FaeZbJ","d:\_HTBO\HTBO","Session-handling","a5767f76b66cad1c95d1a4685762f1d1753fce36","backend\test\userAPI.test.js","activeTextEditorChange:activityTimeout",1739314800000,1739377382829,1739377423256,40427
"jneRRfpOYRZsiynkhdptj","d:\_HTBO\HTBO","Session-handling","a5767f76b66cad1c95d1a4685762f1d1753fce36","backend\test\userAPI.test.js","windowFocus:activityTimeout",1739314800000,1739377489219,1739377663326,174107
"8yf6sVWizIqa5nLRzq9TD","d:\_HTBO\HTBO","Session-handling","a5767f76b66cad1c95d1a4685762f1d1753fce36","backend\test\userAPI.test.js","windowFocus:activeTextEditorChange",1739314800000,1739378012358,1739378012481,123
"Z7H_m17yDisGmkIvJZT22","d:\_HTBO\HTBO","Session-handling","a5767f76b66cad1c95d1a4685762f1d1753fce36","backend\src\routes\userRoutes.js","activeTextEditorChange:activeTextEditorChange",1739314800000,1739378012481,1739378058683,46202
"VutEaBPbhJLq8r3qx9SrS","d:\_HTBO\HTBO","Session-handling","a5767f76b66cad1c95d1a4685762f1d1753fce36","backend\src\models\User.js","activeTextEditorChange:activeTextEditorChange",1739314800000,1739378058683,1739378117278,58595
"Yty1EUPgojmII89kWJS_a","d:\_HTBO\HTBO","Session-handling","a5767f76b66cad1c95d1a4685762f1d1753fce36","backend\src\server.js","activeTextEditorChange:activeTextEditorChange",1739314800000,1739378117278,1739378120988,3710
"Bpe-WasJizUI_-Ef8FPs5","d:\_HTBO\HTBO","Session-handling","a5767f76b66cad1c95d1a4685762f1d1753fce36","backend\src\routes\sessionRoutes.js","activeTextEditorChange:activeTextEditorChange",1739314800000,1739378120988,1739378128183,7195
"m7dSDn35Ty6TNWTiT1d0t","d:\_HTBO\HTBO","Session-handling","a5767f76b66cad1c95d1a4685762f1d1753fce36","backend\src\routes\userRoutes.js","activeTextEditorChange:activityTimeout",1739314800000,1739378128183,1739378172405,44222
"2qx8OpKbr84wjJm1zDRAn","d:\_HTBO\HTBO","Session-handling","a5767f76b66cad1c95d1a4685762f1d1753fce36","backend\src\routes\userRoutes.js","windowFocus:activeTextEditorChange",1739314800000,1739378235161,1739378384370,149209
"PHXKUvYgBkmrfsuNZbAqE","d:\_HTBO\HTBO","Session-handling","a5767f76b66cad1c95d1a4685762f1d1753fce36","backend\src\server.js","activeTextEditorChange:activeTextEditorChange",1739314800000,1739378384370,1739378392951,8581
"f5-KEJOaUV404FNTdy0SR","d:\_HTBO\HTBO","Session-handling","a5767f76b66cad1c95d1a4685762f1d1753fce36","backend\src\routes\userRoutes.js","activeTextEditorChange:activeTextEditorChange",1739314800000,1739378392951,1739378402024,9073
"Gs3CffxsLjyODSJWSOEhF","d:\_HTBO\HTBO","Session-handling","a5767f76b66cad1c95d1a4685762f1d1753fce36","backend\src\controllers\userController.js","activeTextEditorChange:activeTextEditorChange",1739314800000,1739378402024,1739378438243,36219
"2rjLznJwWKbHnvCqT4Tqy","d:\_HTBO\HTBO","Session-handling","a5767f76b66cad1c95d1a4685762f1d1753fce36","backend\src\routes\userRoutes.js","activeTextEditorChange:activeTextEditorChange",1739314800000,1739378438243,1739378457716,19473
"dNn9ExE-Isj7h7jKYCjPl","d:\_HTBO\HTBO","Session-handling","a5767f76b66cad1c95d1a4685762f1d1753fce36","backend\src\controllers\userController.js","activeTextEditorChange:activeTextEditorChange",1739314800000,1739378457716,1739378507996,50280
"fHbPbDmutGBVsqlPXtQFc","d:\_HTBO\HTBO","Session-handling","a5767f76b66cad1c95d1a4685762f1d1753fce36","backend\src\routes\userRoutes.js","activeTextEditorChange:activeTextEditorChange",1739314800000,1739378507996,1739378525016,17020
"3e1mneO1M-rMbFrPYgGcm","d:\_HTBO\HTBO","Session-handling","a5767f76b66cad1c95d1a4685762f1d1753fce36","backend\src\server.js","activeTextEditorChange:activeTextEditorChange",1739314800000,1739378525016,1739378525836,820
"OP8Urwd469-6hKMN-2xX-","d:\_HTBO\HTBO","Session-handling","a5767f76b66cad1c95d1a4685762f1d1753fce36","backend\src\routes\userRoutes.js","activeTextEditorChange:activeTextEditorChange",1739314800000,1739378525836,1739378574493,48657
"EYy_o3menRmYmcgdKnLy3","d:\_HTBO\HTBO","Session-handling","a5767f76b66cad1c95d1a4685762f1d1753fce36","backend\src\server.js","activeTextEditorChange:activeTextEditorChange",1739314800000,1739378574493,1739378575891,1398
"z3-qORsfmgycpKq1S-uLJ","d:\_HTBO\HTBO","Session-handling","a5767f76b66cad1c95d1a4685762f1d1753fce36","backend\src\controllers\userController.js","activeTextEditorChange:activeTextEditorChange",1739314800000,1739378575891,1739378635290,59399
"E7tyG6dChcQRuBbNROZ9l","d:\_HTBO\HTBO","Session-handling","a5767f76b66cad1c95d1a4685762f1d1753fce36","backend\src\server.js","activeTextEditorChange:activeTextEditorChange",1739314800000,1739378635290,1739378636384,1094
"ENXF0ipNauNeKGu_x3M24","d:\_HTBO\HTBO","Session-handling","a5767f76b66cad1c95d1a4685762f1d1753fce36","backend\src\controllers\userController.js","activeTextEditorChange:activityTimeout",1739314800000,1739378636384,1739378815197,178813
"i2xgSnvKL5hIOve6W9x8s","d:\_HTBO\HTBO","Session-handling","a5767f76b66cad1c95d1a4685762f1d1753fce36","backend\src\controllers\userController.js","activeTextEditorChange:activeTextEditorChange",1739314800000,1739378977218,1739378978657,1439
"lIn3sHqJF0bN1pr2uX6Bu","d:\_HTBO\HTBO","Session-handling","a5767f76b66cad1c95d1a4685762f1d1753fce36","backend\src\controllers\sessionController.js","activeTextEditorChange:activeTextEditorChange",1739314800000,1739378978657,1739378984390,5733
"ZDXtNxiLQ1hEIAU90473j","d:\_HTBO\HTBO","Session-handling","a5767f76b66cad1c95d1a4685762f1d1753fce36","backend\src\controllers\userController.js","activeTextEditorChange:activeTextEditorChange",1739314800000,1739378984390,1739379157782,173392
"wURHfgb91hiqfEdNGEqnV","d:\_HTBO\HTBO","Session-handling","a5767f76b66cad1c95d1a4685762f1d1753fce36","backend\src\controllers\sessionController.js","activeTextEditorChange:activeTextEditorChange",1739314800000,1739379157782,1739379163765,5983
"0qcXINDK5nq6oPZXzxWOS","d:\_HTBO\HTBO","Session-handling","a5767f76b66cad1c95d1a4685762f1d1753fce36","backend\src\controllers\userController.js","activeTextEditorChange:activeTextEditorChange",1739314800000,1739379163765,1739379190181,26416
"MA21cjTpE3xutZuRt3pBL","d:\_HTBO\HTBO","Session-handling","a5767f76b66cad1c95d1a4685762f1d1753fce36","backend\test\userAPI.test.js","activeTextEditorChange:activityTimeout",1739314800000,1739379190181,1739379377234,187053
"LlN78dkRk2hOWciW9zM9y","d:\_HTBO\HTBO","Session-handling","a5767f76b66cad1c95d1a4685762f1d1753fce36","backend\test\userAPI.test.js","windowFocus:activeTextEditorChange",1739314800000,1739379476703,1739379500458,23755
"EqZmraFrgN8jk-aETL5wv","d:\_HTBO\HTBO","Session-handling","a5767f76b66cad1c95d1a4685762f1d1753fce36","backend\src\controllers\userController.js","activeTextEditorChange:activeTextEditorChange",1739314800000,1739379500458,1739379530513,30055
"8SBRHr3urgowLU0mYgVLp","d:\_HTBO\HTBO","Session-handling","a5767f76b66cad1c95d1a4685762f1d1753fce36","backend\test\userAPI.test.js","activeTextEditorChange:activityTimeout",1739314800000,1739379530513,1739379601965,71452
"gMUJl9B8lz0qM05SltulP","d:\_HTBO\HTBO","Session-handling","a5767f76b66cad1c95d1a4685762f1d1753fce36","backend\test\userAPI.test.js","editorSelectionChange:activeTextEditorChange",1739314800000,1739379715626,1739379744056,28430
"fOoDSLn15rSAFfYfmFUX7","d:\_HTBO\HTBO","Session-handling","a5767f76b66cad1c95d1a4685762f1d1753fce36","backend\src\controllers\userController.js","activeTextEditorChange:activeTextEditorChange",1739314800000,1739379744056,1739379748745,4689
"sr9jbVUZcvOl_8Wwg8LTj","d:\_HTBO\HTBO","Session-handling","a5767f76b66cad1c95d1a4685762f1d1753fce36","backend\test\userAPI.test.js","activeTextEditorChange:activeTextEditorChange",1739314800000,1739379748745,1739379769552,20807
"Ff1yCmtNBHeD943xWXr5p","d:\_HTBO\HTBO","Session-handling","a5767f76b66cad1c95d1a4685762f1d1753fce36","backend\src\controllers\userController.js","activeTextEditorChange:activeTextEditorChange",1739314800000,1739379769552,1739379772763,3211
"8Ny4u2uxkUEbjPZErdqMx","d:\_HTBO\HTBO","Session-handling","a5767f76b66cad1c95d1a4685762f1d1753fce36","backend\test\userAPI.test.js","activeTextEditorChange:activeTextEditorChange",1739314800000,1739379772763,1739380007541,234778
"36fNpt_6RSYRXveta5Y1l","d:\_HTBO\HTBO","Session-handling","a5767f76b66cad1c95d1a4685762f1d1753fce36","backend\src\controllers\userController.js","activeTextEditorChange:activeTextEditorChange",1739314800000,1739380007541,1739380035117,27576
"wsc_kqoXMIC2wjUyOPHgy","d:\_HTBO\HTBO","Session-handling","a5767f76b66cad1c95d1a4685762f1d1753fce36","backend\test\userAPI.test.js","activeTextEditorChange:activeTextEditorChange",1739314800000,1739380035117,1739380519048,483931
"6_qdxaezt9oXFsN9CvCWb","d:\_HTBO\HTBO","Session-handling","a5767f76b66cad1c95d1a4685762f1d1753fce36","backend\src\controllers\userController.js","activeTextEditorChange:activeTextEditorChange",1739314800000,1739380519048,1739380525544,6496
"NpQpW65D0lDZwMOsuE6UT","d:\_HTBO\HTBO","Session-handling","a5767f76b66cad1c95d1a4685762f1d1753fce36","backend\test\userAPI.test.js","activeTextEditorChange:activeTextEditorChange",1739314800000,1739380525544,1739380575120,49576
"TU0KkgzbjqseTDeawkG9t","d:\_HTBO\HTBO","Session-handling","a5767f76b66cad1c95d1a4685762f1d1753fce36","backend\src\controllers\userController.js","activeTextEditorChange:activeTextEditorChange",1739314800000,1739380575120,1739380653271,78151
"8L7aWgh9zI9kKcRG7q4EG","d:\_HTBO\HTBO","Session-handling","a5767f76b66cad1c95d1a4685762f1d1753fce36","backend\test\userAPI.test.js","activeTextEditorChange:activeTextEditorChange",1739314800000,1739380653271,1739380688491,35220
"4yus_u50USkra6lZoAzsJ","d:\_HTBO\HTBO","Session-handling","a5767f76b66cad1c95d1a4685762f1d1753fce36","backend\src\controllers\sessionController.js","activeTextEditorChange:activeTextEditorChange",1739314800000,1739380688491,1739380733017,44526
"uWXSlmHYDTS8hMEUgNnPY","d:\_HTBO\HTBO","Session-handling","a5767f76b66cad1c95d1a4685762f1d1753fce36","backend\src\controllers\userController.js","activeTextEditorChange:activeTextEditorChange",1739314800000,1739380733017,1739380745831,12814
"uSbCu2QsqcsWbDgxxSBtu","d:\_HTBO\HTBO","Session-handling","a5767f76b66cad1c95d1a4685762f1d1753fce36","backend\src\controllers\sessionController.js","activeTextEditorChange:activeTextEditorChange",1739314800000,1739380745831,1739380749214,3383
"mN3Z3kCYJoeCSlCCre06y","d:\_HTBO\HTBO","Session-handling","a5767f76b66cad1c95d1a4685762f1d1753fce36","backend\src\controllers\userController.js","activeTextEditorChange:activeTextEditorChange",1739314800000,1739380749214,1739380776997,27783
"-TEm30OIrw26GkyMFUNQo","d:\_HTBO\HTBO","Session-handling","a5767f76b66cad1c95d1a4685762f1d1753fce36","backend\src\models\User.js","activeTextEditorChange:activeTextEditorChange",1739314800000,1739380776997,1739380781397,4400
"qa7a5heRR8hLBJvPJRaHR","d:\_HTBO\HTBO","Session-handling","a5767f76b66cad1c95d1a4685762f1d1753fce36","backend\src\controllers\userController.js","activeTextEditorChange:activeTextEditorChange",1739314800000,1739380781397,1739380789453,8056
"UCIl0xyEYitEjsN1JXe9_","d:\_HTBO\HTBO","Session-handling","a5767f76b66cad1c95d1a4685762f1d1753fce36","backend\src\models\User.js","activeTextEditorChange:activeTextEditorChange",1739314800000,1739380789453,1739380791060,1607
"UvZ0XzL57TxlZgjTy8EpW","d:\_HTBO\HTBO","Session-handling","a5767f76b66cad1c95d1a4685762f1d1753fce36","backend\src\models\Session.js","activeTextEditorChange:activeTextEditorChange",1739314800000,1739380791060,1739380792483,1423
"bucQGv7OICAcoqQ1N0-6v","d:\_HTBO\HTBO","Session-handling","a5767f76b66cad1c95d1a4685762f1d1753fce36","backend\src\models\User.js","activeTextEditorChange:activeTextEditorChange",1739314800000,1739380792483,1739380793486,1003
"gBetGGWIkPYunFzV_E5A1","d:\_HTBO\HTBO","Session-handling","a5767f76b66cad1c95d1a4685762f1d1753fce36","backend\src\controllers\userController.js","activeTextEditorChange:activeTextEditorChange",1739314800000,1739380793486,1739380877827,84341
"JhC3grKPrFIOv9l6VthpR","d:\_HTBO\HTBO","Session-handling","a5767f76b66cad1c95d1a4685762f1d1753fce36","backend\src\routes\userRoutes.js","activeTextEditorChange:activeTextEditorChange",1739314800000,1739380877827,1739380878812,985
"fj3AWJ4Bwb06eVXh6FRjk","d:\_HTBO\HTBO","Session-handling","a5767f76b66cad1c95d1a4685762f1d1753fce36","backend\src\controllers\userController.js","activeTextEditorChange:activeTextEditorChange",1739314800000,1739380878812,1739380881355,2543
"6lRoImrHn_7ZdAnhWeJ0n","d:\_HTBO\HTBO","Session-handling","a5767f76b66cad1c95d1a4685762f1d1753fce36","backend\src\controllers\sessionController.js","activeTextEditorChange:activeTextEditorChange",1739314800000,1739380881355,1739380894172,12817
"IcE5o-lEP4qxU7Bf84BQH","d:\_HTBO\HTBO","Session-handling","a5767f76b66cad1c95d1a4685762f1d1753fce36","backend\src\controllers\userController.js","activeTextEditorChange:activeTextEditorChange",1739314800000,1739380894172,1739380914564,20392
"4Rtib8PGnRs0UNj1nFFKy","d:\_HTBO\HTBO","Session-handling","a5767f76b66cad1c95d1a4685762f1d1753fce36","backend\src\controllers\sessionController.js","activeTextEditorChange:activeTextEditorChange",1739314800000,1739380914564,1739380916940,2376
"rjSgwS7recypR6tWBx230","d:\_HTBO\HTBO","Session-handling","a5767f76b66cad1c95d1a4685762f1d1753fce36","backend\src\controllers\userController.js","activeTextEditorChange:activeTextEditorChange",1739314800000,1739380916940,1739380993055,76115
"BoYHNwgMayEUF_Uh-HQtn","d:\_HTBO\HTBO","Session-handling","a5767f76b66cad1c95d1a4685762f1d1753fce36","backend\src\server.js","activeTextEditorChange:activeTextEditorChange",1739314800000,1739380993055,1739380998642,5587
"akSPuSvhuOGBCKC2usVFO","d:\_HTBO\HTBO","Session-handling","a5767f76b66cad1c95d1a4685762f1d1753fce36","backend\test\userAPI.test.js","activeTextEditorChange:activeTextEditorChange",1739314800000,1739380998642,1739381012626,13984
"FQri3_wlrnQPKLdZr4gee","d:\_HTBO\HTBO","Session-handling","a5767f76b66cad1c95d1a4685762f1d1753fce36","backend\src\controllers\userController.js","activeTextEditorChange:activeTextEditorChange",1739314800000,1739381012626,1739381186091,173465
"X1D_oFt__LEBh5dWbxn00","d:\_HTBO\HTBO","Session-handling","a5767f76b66cad1c95d1a4685762f1d1753fce36","backend\test\userAPI.test.js","activeTextEditorChange:activeTextEditorChange",1739314800000,1739381186091,1739381243832,57741
"GG9CSNXxCwp7rybJ2-gk7","d:\_HTBO\HTBO","Session-handling","a5767f76b66cad1c95d1a4685762f1d1753fce36","backend\src\controllers\userController.js","activeTextEditorChange:activeTextEditorChange",1739314800000,1739381243832,1739381252787,8955
"IEnWvlirQhf0tg719oxKD","d:\_HTBO\HTBO","Session-handling","a5767f76b66cad1c95d1a4685762f1d1753fce36","backend\test\userAPI.test.js","activeTextEditorChange:activeTextEditorChange",1739314800000,1739381252787,1739381320336,67549
"wpHe2TrcRfNtVzNbamjbU","d:\_HTBO\HTBO","Session-handling","a5767f76b66cad1c95d1a4685762f1d1753fce36","backend\src\server.js","activeTextEditorChange:activeTextEditorChange",1739314800000,1739381320336,1739381321399,1063
"KZTD9vKGJEaTb3Vi_BFtL","d:\_HTBO\HTBO","Session-handling","a5767f76b66cad1c95d1a4685762f1d1753fce36","backend\src\routes\userRoutes.js","activeTextEditorChange:activeTextEditorChange",1739314800000,1739381321399,1739381322632,1233
"iYjoNa9BnsQV6vbnI0Jhx","d:\_HTBO\HTBO","Session-handling","a5767f76b66cad1c95d1a4685762f1d1753fce36","backend\src\controllers\userController.js","activeTextEditorChange:activeTextEditorChange",1739314800000,1739381322632,1739381356355,33723
"9zriCDPdy1Kr-R0mJBnEI","d:\_HTBO\HTBO","Session-handling","a5767f76b66cad1c95d1a4685762f1d1753fce36","backend\test\userAPI.test.js","activeTextEditorChange:activeTextEditorChange",1739314800000,1739381356355,1739381430310,73955
"3IrOsSnJ2BWPl52I4gwlo","d:\_HTBO\HTBO","Session-handling","a5767f76b66cad1c95d1a4685762f1d1753fce36","backend\src\controllers\sessionController.js","activeTextEditorChange:activeTextEditorChange",1739314800000,1739381430310,1739381431050,740
"PtursAPPwqvKP921gv9ct","d:\_HTBO\HTBO","Session-handling","a5767f76b66cad1c95d1a4685762f1d1753fce36","backend\src\controllers\userController.js","activeTextEditorChange:activeTextEditorChange",1739314800000,1739381431050,1739381446789,15739
"vHNCVdRviaAuwm-NsyL5V","d:\_HTBO\HTBO","Session-handling","a5767f76b66cad1c95d1a4685762f1d1753fce36","backend\test\userAPI.test.js","activeTextEditorChange:activeTextEditorChange",1739314800000,1739381446789,1739381722924,276135
"rbzBibcRyFfixXfmNpzwr","d:\_HTBO\HTBO","Session-handling","a5767f76b66cad1c95d1a4685762f1d1753fce36","backend\src\controllers\userController.js","activeTextEditorChange:activeTextEditorChange",1739314800000,1739381722924,1739381741211,18287
"Te_i8fRgnVNDBqSpx9wmq","d:\_HTBO\HTBO","Session-handling","a5767f76b66cad1c95d1a4685762f1d1753fce36","backend\test\userAPI.test.js","activeTextEditorChange:activeTextEditorChange",1739314800000,1739381741211,1739381864626,123415
"40l5OP5mWVSdGjMwOP8zu","d:\_HTBO\HTBO","Session-handling","a5767f76b66cad1c95d1a4685762f1d1753fce36","backend\src\controllers\userController.js","activeTextEditorChange:activeTextEditorChange",1739314800000,1739381864626,1739381866602,1976
"mO9E9WRZf6k6o1VEl3YYt","d:\_HTBO\HTBO","Session-handling","a5767f76b66cad1c95d1a4685762f1d1753fce36","todo.md","activeTextEditorChange:activeTextEditorChange",1739314800000,1739381866602,1739381921265,54663
"wY63XLX29O1d8h38VfyL2","d:\_HTBO\HTBO","Session-handling","a5767f76b66cad1c95d1a4685762f1d1753fce36","backend\test\userAPI.test.js","activeTextEditorChange:activeTextEditorChange",1739314800000,1739381921265,1739381965817,44552
"vHhGdraKBoQfw7844Bdnu","d:\_HTBO\HTBO","Session-handling","a5767f76b66cad1c95d1a4685762f1d1753fce36","backend\src\controllers\sessionController.js","activeTextEditorChange:activeTextEditorChange",1739314800000,1739381965817,1739381978730,12913
"tfw4pmrSnGTD7Hla0_kv0","d:\_HTBO\HTBO","Session-handling","a5767f76b66cad1c95d1a4685762f1d1753fce36","backend\src\controllers\userController.js","activeTextEditorChange:activeTextEditorChange",1739314800000,1739381978730,1739381993418,14688
"VWIY3w3JtA9vbbQBDzpxN","d:\_HTBO\HTBO","Session-handling","a5767f76b66cad1c95d1a4685762f1d1753fce36","backend\src\controllers\storeController.js","activeTextEditorChange:activeTextEditorChange",1739314800000,1739381993418,1739381996915,3497
"WdPhJ1FiOxvPVvdPFnCrV","d:\_HTBO\HTBO","Session-handling","a5767f76b66cad1c95d1a4685762f1d1753fce36","backend\src\controllers\groupController.js","activeTextEditorChange:activeTextEditorChange",1739314800000,1739381996915,1739382008277,11362
"RilGbqB0Ce8Hku91SpT1i","d:\_HTBO\HTBO","Session-handling","a5767f76b66cad1c95d1a4685762f1d1753fce36","backend\test\userAPI.test.js","activeTextEditorChange:activeTextEditorChange",1739314800000,1739382008277,1739382015189,6912
"rqDfUGY8V0LAp4ay2Qtbj","d:\_HTBO\HTBO","Session-handling","a5767f76b66cad1c95d1a4685762f1d1753fce36","backend\src\controllers\userController.js","activeTextEditorChange:activeTextEditorChange",1739314800000,1739382015189,1739382016289,1100
"Yph2jr0KmPoI3DGwUF5Xz","d:\_HTBO\HTBO","Session-handling","a5767f76b66cad1c95d1a4685762f1d1753fce36","backend\src\controllers\sessionController.js","activeTextEditorChange:activeTextEditorChange",1739314800000,1739382016289,1739382027968,11679
"gC6cjlSBTvTIe4TXpCIVm","d:\_HTBO\HTBO","Session-handling","a5767f76b66cad1c95d1a4685762f1d1753fce36","backend\test\userAPI.test.js","activeTextEditorChange:activeTextEditorChange",1739314800000,1739382027968,1739382232812,204844
"tRRPaAUdf91F7g0_cYhcM","d:\_HTBO\HTBO","Session-handling","a5767f76b66cad1c95d1a4685762f1d1753fce36","backend\src\controllers\userController.js","activeTextEditorChange:activeTextEditorChange",1739314800000,1739382232812,1739382301439,68627
"PuDg8n7iyyFEp2cR_oJ3E","d:\_HTBO\HTBO","Session-handling","a5767f76b66cad1c95d1a4685762f1d1753fce36","backend\src\controllers\sessionController.js","activeTextEditorChange:activeTextEditorChange",1739314800000,1739382301439,1739382302332,893
"S0lrosPKSjvD7zDQUKg7q","d:\_HTBO\HTBO","Session-handling","a5767f76b66cad1c95d1a4685762f1d1753fce36","backend\src\controllers\userController.js","activeTextEditorChange:activeTextEditorChange",1739314800000,1739382302332,1739382304333,2001
"3mv8mTTiklNvfRO-J0OQM","d:\_HTBO\HTBO","Session-handling","a5767f76b66cad1c95d1a4685762f1d1753fce36","backend\src\controllers\sessionController.js","activeTextEditorChange:activeTextEditorChange",1739314800000,1739382304333,1739382310624,6291
"hqYbN3X4-AsiY7ClHbL2a","d:\_HTBO\HTBO","Session-handling","a5767f76b66cad1c95d1a4685762f1d1753fce36","backend\test\userAPI.test.js","activeTextEditorChange:activeTextEditorChange",1739314800000,1739382310624,1739382311997,1373
"4h1i69PLFZOpVixjM5tML","d:\_HTBO\HTBO","Session-handling","a5767f76b66cad1c95d1a4685762f1d1753fce36","backend\src\controllers\userController.js","activeTextEditorChange:activeTextEditorChange",1739314800000,1739382311997,1739382351837,39840
"Pn7jBSzhcp3tRTb4dQ2YB","d:\_HTBO\HTBO","Session-handling","a5767f76b66cad1c95d1a4685762f1d1753fce36","backend\src\controllers\sessionController.js","activeTextEditorChange:activeTextEditorChange",1739314800000,1739382351837,1739382356719,4882
"1vIyjmnMwrpqimKZ9Ek_Z","d:\_HTBO\HTBO","Session-handling","a5767f76b66cad1c95d1a4685762f1d1753fce36","backend\test\userAPI.test.js","activeTextEditorChange:activeTextEditorChange",1739314800000,1739382356719,1739382357542,823
"zQOlUlVq3Sk7_MhpQknP7","d:\_HTBO\HTBO","Session-handling","a5767f76b66cad1c95d1a4685762f1d1753fce36","backend\src\controllers\userController.js","activeTextEditorChange:activeTextEditorChange",1739314800000,1739382357542,1739382359901,2359
"uQBTBng7c3Rz_yVF1smYo","d:\_HTBO\HTBO","Session-handling","a5767f76b66cad1c95d1a4685762f1d1753fce36","backend\test\userAPI.test.js","activeTextEditorChange:activeTextEditorChange",1739314800000,1739382359901,1739382390918,31017
"H6yfn3H-nnS-Ec4g1eP7C","d:\_HTBO\HTBO","Session-handling","a5767f76b66cad1c95d1a4685762f1d1753fce36","backend\src\controllers\userController.js","activeTextEditorChange:activeTextEditorChange",1739314800000,1739382390918,1739382397068,6150
"frrfdJUTpxHuVN2_aSJ0z","d:\_HTBO\HTBO","Session-handling","a5767f76b66cad1c95d1a4685762f1d1753fce36","backend\test\userAPI.test.js","activeTextEditorChange:activeTextEditorChange",1739314800000,1739382397068,1739382404373,7305
"p7b6WHvAck6MB-8lfj4oB","d:\_HTBO\HTBO","Session-handling","a5767f76b66cad1c95d1a4685762f1d1753fce36","backend\src\controllers\userController.js","activeTextEditorChange:activeTextEditorChange",1739314800000,1739382404373,1739382407990,3617
"nBHkYdSTyAkn_ElL-fXZk","d:\_HTBO\HTBO","Session-handling","a5767f76b66cad1c95d1a4685762f1d1753fce36","backend\test\userAPI.test.js","activeTextEditorChange:activeTextEditorChange",1739314800000,1739382407990,1739382422852,14862
"RWuIsHANbB7xwJ6fjVgyY","d:\_HTBO\HTBO","Session-handling","a5767f76b66cad1c95d1a4685762f1d1753fce36","backend\src\controllers\userController.js","activeTextEditorChange:activeTextEditorChange",1739314800000,1739382422852,1739382445973,23121
"Sn0CeO3ADqOdDVFRVpTRb","d:\_HTBO\HTBO","Session-handling","a5767f76b66cad1c95d1a4685762f1d1753fce36","backend\test\userAPI.test.js","activeTextEditorChange:activeTextEditorChange",1739314800000,1739382445973,1739382459405,13432
"tcz74eFyp1_w5Gto_fTXj","d:\_HTBO\HTBO","Session-handling","a5767f76b66cad1c95d1a4685762f1d1753fce36","backend\src\models\User.js","activeTextEditorChange:activeTextEditorChange",1739314800000,1739382459405,1739382466218,6813
"79E6EPnRZcSLJOyMV2dHj","d:\_HTBO\HTBO","Session-handling","a5767f76b66cad1c95d1a4685762f1d1753fce36","backend\src\controllers\userController.js","activeTextEditorChange:activeTextEditorChange",1739314800000,1739382466218,1739382486425,20207
"G5oDFrfScI1TjjT_TERmv","d:\_HTBO\HTBO","Session-handling","a5767f76b66cad1c95d1a4685762f1d1753fce36","backend\test\userAPI.test.js","activeTextEditorChange:activeTextEditorChange",1739314800000,1739382486425,1739382505419,18994
"LPwAH-iuTGB_Z1fwCNkJu","d:\_HTBO\HTBO","Session-handling","a5767f76b66cad1c95d1a4685762f1d1753fce36","backend\src\controllers\userController.js","activeTextEditorChange:activeTextEditorChange",1739314800000,1739382505419,1739382651425,146006
"AnoCTaANmUEmDxl2eGQRs","d:\_HTBO\HTBO","Session-handling","a5767f76b66cad1c95d1a4685762f1d1753fce36","backend\test\userAPI.test.js","activeTextEditorChange:activeTextEditorChange",1739314800000,1739382651425,1739382686041,34616
"Rz9NmsYW4GjJmKIIMpoBP","d:\_HTBO\HTBO","Session-handling","a5767f76b66cad1c95d1a4685762f1d1753fce36","backend\src\controllers\userController.js","activeTextEditorChange:activeTextEditorChange",1739314800000,1739382686041,1739382937286,251245
"jq_JJzwJc4mYup7lsAX6M","d:\_HTBO\HTBO","Session-handling","a5767f76b66cad1c95d1a4685762f1d1753fce36","backend\test\userAPI.test.js","activeTextEditorChange:activeTextEditorChange",1739314800000,1739382937286,1739383022822,85536
"ZYSX5vhIn_L6_PVrjHJbm","d:\_HTBO\HTBO","Session-handling","a5767f76b66cad1c95d1a4685762f1d1753fce36","backend\src\controllers\userController.js","activeTextEditorChange:activeTextEditorChange",1739314800000,1739383022822,1739383062558,39736
"gGzyahydY45SmZhD-SF6b","d:\_HTBO\HTBO","Session-handling","a5767f76b66cad1c95d1a4685762f1d1753fce36","backend\test\userAPI.test.js","activeTextEditorChange:activeTextEditorChange",1739314800000,1739383062558,1739383126302,63744
"Tj_lzEYJHX0oVPu4DQMSA","d:\_HTBO\HTBO","Session-handling","a5767f76b66cad1c95d1a4685762f1d1753fce36","todo.md","activeTextEditorChange:activeTextEditorChange",1739314800000,1739383126302,1739383157565,31263
"uiUQtVqNzssI1R0eUZYev","d:\_HTBO\HTBO","Session-handling","a5767f76b66cad1c95d1a4685762f1d1753fce36","backend\src\controllers\sessionController.js","activeTextEditorChange:activeTextEditorChange",1739314800000,1739383157565,1739383168700,11135
"ow9kLU59wgQvIkdBDqIXp","d:\_HTBO\HTBO","Session-handling","a5767f76b66cad1c95d1a4685762f1d1753fce36","backend\test\userAPI.test.js","activeTextEditorChange:activityTimeout",1739314800000,1739383168700,1739383479612,310912
"Pvc_dWsbGkHpcmOkBIzSK","d:\HTBO\HTBO\HTBO","","","","extensionInit:activityTimeout",1739746800000,1739773775756,1739773780076,4320
"CytRSmV2yumYsyqg9uREi","d:\HTBO\HTBO\HTBO","","","","windowFocus:activityTimeout",1739746800000,1739773873866,1739773910208,36342
"bxp6VfjjA9OrAoK6_ZyDt","d:\HTBO\HTBO\HTBO","","","","windowFocus:activeTextEditorChange",1739746800000,1739774504300,1739774504457,157
"r8R8PsK7ZvXmBXw8K5ewX","d:\HTBO\HTBO\HTBO","Backend","6f087e9b65137de9b4a897b7c119879f80930a5a","backend\test\userAPI.test.js","activeTextEditorChange:activityTimeout",1739746800000,1739774504457,1739774505718,1261
"udsL5wwC_r-ShxG7QiBbY","d:\HTBO\HTBO\HTBO","Backend","6f087e9b65137de9b4a897b7c119879f80930a5a","backend\test\userAPI.test.js","editorSelectionChange:activityTimeout",1739746800000,1739774565975,1739774569963,3988
"3WeTeB9_b0Igab_8nI64g","d:\HTBO\HTBO\HTBO","Backend","6f087e9b65137de9b4a897b7c119879f80930a5a","backend\test\userAPI.test.js","windowFocus:activeTextEditorChange",1739746800000,1739774771817,1739774794747,22930
"J971gHHK4-vn5pYCrztIp","d:\HTBO\HTBO\HTBO","Backend","6f087e9b65137de9b4a897b7c119879f80930a5a",".github\worksflows\jest-tests.yml","activeTextEditorChange:activeTextEditorChange",1739746800000,1739774794747,1739774854871,60124
"hKf-QDHiYqoPHXPjKQY8_","d:\HTBO\HTBO\HTBO","Backend","6f087e9b65137de9b4a897b7c119879f80930a5a","backend\test\userAPI.test.js","activeTextEditorChange:activityTimeout",1739746800000,1739774854871,1739774979226,124355
"xXSjBuh5uAr_3Sa3lbFRP","d:\HTBO\HTBO\HTBO","Backend","6f087e9b65137de9b4a897b7c119879f80930a5a","backend\test\userAPI.test.js","editorSelectionChange:windowBlur",1739746800000,1739775053993,1739775152561,98568
"l0JpkS0CMilpt_uak5nB0","d:\HTBO\HTBO\HTBO","Backend","5e0e2cddd56b70a56022bb99d6d10c77b8605972","backend\test\userAPI.test.js","windowFocus:activityTimeout",1739746800000,1739775155586,1739775214061,58475
"MHG1NA7uwvWrIFAbcfnRX","d:\HTBO\HTBO\HTBO","Backend","5e0e2cddd56b70a56022bb99d6d10c77b8605972","backend\test\userAPI.test.js","windowFocus:activeTextEditorChange",1739746800000,1739775931881,1739775931991,110
"Ce9n1ntecqtiAiCOhmGgn","d:\HTBO\HTBO\HTBO","Backend","5e0e2cddd56b70a56022bb99d6d10c77b8605972",".github\workflows\jest-tests.yml","activeTextEditorChange:activityTimeout",1739746800000,1739775931991,1739775939663,7672
"P-6BXGAeV8WZPUCBrbJqO","d:\HTBO\HTBO\HTBO","Backend","5e0e2cddd56b70a56022bb99d6d10c77b8605972",".github\workflows\jest-tests.yml","editorSelectionChange:activityTimeout",1739746800000,1739776021840,1739776023223,1383
"UVASKqBXVE7iIl9SU-pEN","d:\HTBO\HTBO\HTBO","Backend","5e0e2cddd56b70a56022bb99d6d10c77b8605972",".github\workflows\jest-tests.yml","editorSelectionChange:activeTextEditorChange",1739746800000,1739776103032,1739776130794,27762
"esYMju8VrB0SnzdqU921l","d:\HTBO\HTBO\HTBO","Backend","5e0e2cddd56b70a56022bb99d6d10c77b8605972","backend\test\userAPI.test.js","activeTextEditorChange:activeTextEditorChange",1739746800000,1739776130794,1739776215723,84929
"pP0J9xP_3Du_C-AUHup6y","d:\HTBO\HTBO\HTBO","Backend","5e0e2cddd56b70a56022bb99d6d10c77b8605972",".github\workflows\jest-tests.yml","activeTextEditorChange:activityTimeout",1739746800000,1739776215723,1739776217135,1412
"4rzYK7l5uX7NeIYVJ122s","d:\HTBO\HTBO\HTBO","Backend","5e0e2cddd56b70a56022bb99d6d10c77b8605972",".github\workflows\jest-tests.yml","editorSelectionChange:activeTextEditorChange",1739746800000,1739776324209,1739776478531,154322
"gXw-cQG1bS9Gug-MgmThZ","d:\HTBO\HTBO\HTBO","Backend","5e0e2cddd56b70a56022bb99d6d10c77b8605972","README.md","activeTextEditorChange:activeTextEditorChange",1739746800000,1739776478531,1739776479380,849
"v6BMBPTBMfcUoTBnJ2Xpt","d:\HTBO\HTBO\HTBO","Backend","5e0e2cddd56b70a56022bb99d6d10c77b8605972","package.json","activeTextEditorChange:activeTextEditorChange",1739746800000,1739776479380,1739776492244,12864
"_hI4uX175TWyVccEmywZf","d:\HTBO\HTBO\HTBO","Backend","5e0e2cddd56b70a56022bb99d6d10c77b8605972",".github\workflows\jest-tests.yml","activeTextEditorChange:activityTimeout",1739746800000,1739776492244,1739776538576,46332
"b96BDxAgujylFQbBpeHLF","d:\HTBO\HTBO\HTBO","Backend","5e0e2cddd56b70a56022bb99d6d10c77b8605972",".github\workflows\jest-tests.yml","editorSelectionChange:activeTextEditorChange",1739746800000,1739776654322,1739776703875,49553
"UZSZKVVKbNowHVy6BNXvL","d:\HTBO\HTBO\HTBO","Backend","5e0e2cddd56b70a56022bb99d6d10c77b8605972","package.json","activeTextEditorChange:activeTextEditorChange",1739746800000,1739776703875,1739776729433,25558
"w_CQzrmQFSXfTFyrMCP7w","d:\HTBO\HTBO\HTBO","Backend","5e0e2cddd56b70a56022bb99d6d10c77b8605972",".github\workflows\jest-tests.yml","activeTextEditorChange:activeTextEditorChange",1739746800000,1739776729433,1739776764801,35368
"QvmyeCzGFR109p_cGmbGg","d:\HTBO\HTBO\HTBO","Backend","5e0e2cddd56b70a56022bb99d6d10c77b8605972","pnpm-lock.yaml","activeTextEditorChange:activeTextEditorChange",1739746800000,1739776764801,1739776770853,6052
"-kPc9FckwefPJ8zbb9ydq","d:\HTBO\HTBO\HTBO","Backend","5e0e2cddd56b70a56022bb99d6d10c77b8605972",".github\workflows\jest-tests.yml","activeTextEditorChange:activeTextEditorChange",1739746800000,1739776770853,1739777075353,304500
"gQSXR5cXlAMhdKSSrgKq_","d:\HTBO\HTBO\HTBO","Backend","5e0e2cddd56b70a56022bb99d6d10c77b8605972","package.json","activeTextEditorChange:activeTextEditorChange",1739746800000,1739777075353,1739777076445,1092
"fguJvD8xPCl7uPaccicBj","d:\HTBO\HTBO\HTBO","Backend","5e0e2cddd56b70a56022bb99d6d10c77b8605972","pnpm-lock.yaml","activeTextEditorChange:activeTextEditorChange",1739746800000,1739777076445,1739777150769,74324
"QJGkzfsP9Pb1rmf8JdSM1","d:\HTBO\HTBO\HTBO","Backend","5e0e2cddd56b70a56022bb99d6d10c77b8605972",".github\workflows\jest-tests.yml","activeTextEditorChange:windowBlur",1739746800000,1739777150769,1739777214453,63684
"miOrNyxd6A9iCgRSsMGKX","d:\HTBO\HTBO\HTBO","","","","windowFocus:activeTextEditorChange",1739746800000,1739777216780,1739777248043,31263
"Upq-vRpdYQ2g-TS6-1Te_","d:\HTBO\HTBO\HTBO","Backend","8b8297b21e231e882da2128bf835f18e09df0ef5",".git\COMMIT_EDITMSG","activeTextEditorChange:windowBlur",1739746800000,1739777248043,1739777250693,2650
"qlXKLd6Wb2ULXQ4gSH-B8","d:\HTBO\HTBO\HTBO","","","","windowFocus:activeTextEditorChange",1739746800000,1739777263959,1739777268700,4741
"_tqH6R3hWJZdiCj7_-grW","d:\HTBO\HTBO\HTBO","Backend","8b8297b21e231e882da2128bf835f18e09df0ef5",".github\workflows\jest-tests.yml","activeTextEditorChange:activityTimeout",1739746800000,1739777268700,1739777366685,97985
"5f-tMEYCDN1LvfogLdJ5c","d:\HTBO\HTBO\HTBO","Backend","8b8297b21e231e882da2128bf835f18e09df0ef5",".github\workflows\jest-tests.yml","editorSelectionChange:activeTextEditorChange",1739746800000,1739777452522,1739777497840,45318
"jBiY53IBrnXcFOAfbdF4k","d:\HTBO\HTBO\HTBO","Backend","8955e9ff18d8df0d559f26bb79a9c1f81dc74d4f",".github\workflows\test.yml","activeTextEditorChange:activeTextEditorChange",1739746800000,1739777497840,1739777498468,628
"fksVOQz0r9JzE9uuLvO94","d:\HTBO\HTBO\HTBO","Backend","8955e9ff18d8df0d559f26bb79a9c1f81dc74d4f",".github\workflows\jest-tests.yml","activeTextEditorChange:activeTextEditorChange",1739746800000,1739777498468,1739777500536,2068
"vT8RjowlDtDDII70fYDk9","d:\HTBO\HTBO\HTBO","Backend","8955e9ff18d8df0d559f26bb79a9c1f81dc74d4f",".github\workflows\test.yml","activeTextEditorChange:activeTextEditorChange",1739746800000,1739777500536,1739777501060,524
"DH22-50G2dUPxrxAtNUiP","d:\HTBO\HTBO\HTBO","Backend","8955e9ff18d8df0d559f26bb79a9c1f81dc74d4f",".github\workflows\jest-tests.yml","activeTextEditorChange:activeTextEditorChange",1739746800000,1739777501060,1739777501539,479
"5gnoZsmqSWfTGyfV0awys","d:\HTBO\HTBO\HTBO","Backend","8955e9ff18d8df0d559f26bb79a9c1f81dc74d4f",".github\workflows\test.yml","activeTextEditorChange:activeTextEditorChange",1739746800000,1739777501539,1739777502028,489
"RLEThFhjHhqXIy5BHrhTO","d:\HTBO\HTBO\HTBO","Backend","8955e9ff18d8df0d559f26bb79a9c1f81dc74d4f",".github\workflows\jest-tests.yml","activeTextEditorChange:activeTextEditorChange",1739746800000,1739777502028,1739777502523,495
"xr1ununK3-XosCW1otUKN","d:\HTBO\HTBO\HTBO","Backend","8955e9ff18d8df0d559f26bb79a9c1f81dc74d4f",".github\workflows\test.yml","activeTextEditorChange:activeTextEditorChange",1739746800000,1739777502523,1739777502997,474
"A4yTNr5tXh8YeTznyAqse","d:\HTBO\HTBO\HTBO","Backend","8955e9ff18d8df0d559f26bb79a9c1f81dc74d4f",".github\workflows\jest-tests.yml","activeTextEditorChange:activeTextEditorChange",1739746800000,1739777502997,1739777505477,2480
"gvROcNrhZi3v1Yl1_ZbuX","d:\HTBO\HTBO\HTBO","Backend","8955e9ff18d8df0d559f26bb79a9c1f81dc74d4f",".github\workflows\test.yml","activeTextEditorChange:activeTextEditorChange",1739746800000,1739777505477,1739777506772,1295
"_6T0d7t09xJHzns-9_Agc","d:\HTBO\HTBO\HTBO","Backend","8955e9ff18d8df0d559f26bb79a9c1f81dc74d4f",".github\workflows\jest-tests.yml","activeTextEditorChange:activeTextEditorChange",1739746800000,1739777506772,1739777508540,1768
"OlWdOeKRm7nZS02wuvqFB","d:\HTBO\HTBO\HTBO","Backend","8955e9ff18d8df0d559f26bb79a9c1f81dc74d4f",".github\workflows\test.yml","activeTextEditorChange:activeTextEditorChange",1739746800000,1739777508540,1739777508960,420
"VVltxXB5UR-c0asX8z_Wh","d:\HTBO\HTBO\HTBO","Backend","8955e9ff18d8df0d559f26bb79a9c1f81dc74d4f",".github\workflows\jest-tests.yml","activeTextEditorChange:activeTextEditorChange",1739746800000,1739777508960,1739777509409,449
"T5skzLetv_CRg-lbwrubF","d:\HTBO\HTBO\HTBO","Backend","8955e9ff18d8df0d559f26bb79a9c1f81dc74d4f",".github\workflows\test.yml","activeTextEditorChange:activeTextEditorChange",1739746800000,1739777509409,1739777510503,1094
"dJHZswNCLAT6eAKUQIDFC","d:\HTBO\HTBO\HTBO","Backend","8955e9ff18d8df0d559f26bb79a9c1f81dc74d4f",".github\workflows\jest-tests.yml","activeTextEditorChange:activeTextEditorChange",1739746800000,1739777510503,1739777510931,428
"nZ6SQfN3nRKN2BKoB30SS","d:\HTBO\HTBO\HTBO","Backend","8955e9ff18d8df0d559f26bb79a9c1f81dc74d4f",".github\workflows\test.yml","activeTextEditorChange:activeTextEditorChange",1739746800000,1739777510931,1739777511457,526
"jzwXvqtip27ee1i8X2-V2","d:\BZ\HTBO\HTBO","Backend","adbe2aa38ba39beb7d92d2b322f2918ae3a1b265","backend\src\routes\userRoutes.js","extensionInit:activeTextEditorChange",1739746800000,1739778535460,1739778535947,487
"BvvkNznNp78rud8WqdNxt","d:\BZ\HTBO\HTBO","Backend","adbe2aa38ba39beb7d92d2b322f2918ae3a1b265",".github\workflows\test.yml","activeTextEditorChange:activeTextEditorChange",1739746800000,1739778535947,1739778538454,2507
"DV7B6nHza4YYm05edAeZo","d:\BZ\HTBO\HTBO","Backend","adbe2aa38ba39beb7d92d2b322f2918ae3a1b265","README.md","activeTextEditorChange:activeTextEditorChange",1739746800000,1739778538454,1739778539553,1099
"pDtZGwyMBto9ROqJjp039","d:\BZ\HTBO\HTBO","Backend","adbe2aa38ba39beb7d92d2b322f2918ae3a1b265","package.json","activeTextEditorChange:windowBlur",1739746800000,1739778539553,1739778598540,58987
"Ynnzgoc9Bg7WXFgikbcWg","d:\BZ\HTBO\HTBO","Backend","f22190ac0668658771bb5caef03f2a68d89460a2","package.json","editorSelectionChange:activeTextEditorChange",1739746800000,1739778672449,1739778700431,27982
"pyWFaaMnd4tdm4lVM4AFu","d:\BZ\HTBO\HTBO","Backend","f22190ac0668658771bb5caef03f2a68d89460a2","backend\test\userAPI.test.js","activeTextEditorChange:activeTextEditorChange",1739746800000,1739778700431,1739778701066,635
"-qIK5O5PLHLJRNSQJbw6G","d:\BZ\HTBO\HTBO","Backend","f22190ac0668658771bb5caef03f2a68d89460a2","backend\.env","activeTextEditorChange:activeTextEditorChange",1739746800000,1739778701066,1739778703392,2326
"x4iEqa9xPKZLjb5Kzy-I-","d:\BZ\HTBO\HTBO","Backend","f22190ac0668658771bb5caef03f2a68d89460a2","backend\test\userAPI.test.js","activeTextEditorChange:activeTextEditorChange",1739746800000,1739778703392,1739778843621,140229
"1y_EeJfnm4a1X5kIZvhUJ","d:\BZ\HTBO\HTBO","Backend","f22190ac0668658771bb5caef03f2a68d89460a2","backend\src\controllers\gameController.js","activeTextEditorChange:activeTextEditorChange",1739746800000,1739778843621,1739778848021,4400
"qelF3Y7NlCMQW8IN1b57e","d:\BZ\HTBO\HTBO","Backend","f22190ac0668658771bb5caef03f2a68d89460a2","package.json","activeTextEditorChange:activityTimeout",1739746800000,1739778848021,1739778859291,11270
"RCUmCRuXuAKRGQbioFJkw","d:\BZ\HTBO\HTBO","Backend","f22190ac0668658771bb5caef03f2a68d89460a2","backend\test\userAPI.test.js","activeTextEditorChange:activityTimeout",1739746800000,1739778926992,1739778997001,70009
"9zgvtfuRQcZ59EwFA6i3D","d:\BZ\HTBO\HTBO","Backend","f22190ac0668658771bb5caef03f2a68d89460a2","backend\test\userAPI.test.js","editorSelectionChange:activeTextEditorChange",1739746800000,1739779096576,1739779105189,8613
"5PurA8ghA2PRVZICuwnS5","d:\BZ\HTBO\HTBO","Backend","f22190ac0668658771bb5caef03f2a68d89460a2","package.json","activeTextEditorChange:activityTimeout",1739746800000,1739779105189,1739779105209,20
"nvY-BCakBYFuVcPtnbmny","d:\BZ\HTBO\HTBO","Backend","f22190ac0668658771bb5caef03f2a68d89460a2","package.json","windowFocus:activityTimeout",1739746800000,1739779166598,1739779226098,59500
"y2XlIvDk_Isu3k8nj2tqn","d:\BZ\HTBO\HTBO","Backend","f22190ac0668658771bb5caef03f2a68d89460a2","package.json","windowFocus:activeTextEditorChange",1739746800000,1739779348329,1739779353787,5458
"J1lZZTWklfBREHUoYg2_2","d:\BZ\HTBO\HTBO","Backend","f22190ac0668658771bb5caef03f2a68d89460a2","backend\test\userAPI.test.js","activeTextEditorChange:activityTimeout",1739746800000,1739779353787,1739779471061,117274
"CcFptuR4qBonN7Z_ANoS9","d:\BZ\HTBO\HTBO","Backend","f22190ac0668658771bb5caef03f2a68d89460a2","backend\test\userAPI.test.js","editorSelectionChange:windowBlur",1739746800000,1739779715244,1739779743290,28046
"f_xQuKfKkN4qy6Qkj1JqX","d:\BZ\HTBO\HTBO","Backend","5874ca79a33e93e1aebe090bdf5f2a2e04f4d75a","backend\test\userAPI.test.js","windowFocus:activeTextEditorChange",1739746800000,1739779787839,1739779848536,60697
"99wyLNj6V5E7681efWvlD","d:\BZ\HTBO\HTBO","Backend","5874ca79a33e93e1aebe090bdf5f2a2e04f4d75a","backend\src\app.js","activeTextEditorChange:activeTextEditorChange",1739746800000,1739779848536,1739779860178,11642
"k4NeRWdXbGsVV5uzr---Q","d:\BZ\HTBO\HTBO","Backend","5874ca79a33e93e1aebe090bdf5f2a2e04f4d75a","backend\.env","activeTextEditorChange:activeTextEditorChange",1739746800000,1739779860178,1739779863488,3310
"fLJugITNfFXld4168oTKD","d:\BZ\HTBO\HTBO","Backend","5874ca79a33e93e1aebe090bdf5f2a2e04f4d75a","backend\src\controllers\gameController.js","activeTextEditorChange:activeTextEditorChange",1739746800000,1739779863488,1739779865025,1537
"Ew3JbaKyaoCnaCg_PfBaq","d:\BZ\HTBO\HTBO","Backend","5874ca79a33e93e1aebe090bdf5f2a2e04f4d75a","backend\src\app.js","activeTextEditorChange:activeTextEditorChange",1739746800000,1739779865025,1739779871043,6018
"KjWKxraWC2_cxRCbdq6L-","d:\BZ\HTBO\HTBO","Backend","5874ca79a33e93e1aebe090bdf5f2a2e04f4d75a","backend\test\userAPI.test.js","activeTextEditorChange:windowBlur",1739746800000,1739779871043,1739780049530,178487
"r2ye9F5EjAXZqo-oYLl5z","d:\BZ\HTBO\HTBO","Backend","61075413d7064c9dd737364d50b533e6a4066740","backend\test\userAPI.test.js","editorSelectionChange:activeTextEditorChange",1739746800000,1739780144261,1739780160252,15991
"4Ds4TnipXKDZK46ABXvhc","d:\BZ\HTBO\HTBO","Backend","61075413d7064c9dd737364d50b533e6a4066740","package.json","activeTextEditorChange:dispose",1739746800000,1739780160252,1739780170175,9923
"5q8-U2EeLstCl5dfadw07","d:\BZ\HTBO\HTBO","","","","extensionInit:activeTextEditorChange",1739746800000,1739780176403,1739780197914,21511
"x2__syHUPbFCMwJ_6hLsU","d:\BZ\HTBO\HTBO","Backend","61075413d7064c9dd737364d50b533e6a4066740","package.json","activeTextEditorChange:windowFocus",1739746800000,1739780197914,1739780213719,15805
"cedTnhOgh46WgphknW0wD","d:\BZ\HTBO\HTBO","","","","windowFocus:activeTextEditorChange",1739746800000,1739780213719,1739780213773,54
"9FXdneiBvS5IE-bcNPbZY","d:\BZ\HTBO\HTBO","Backend","61075413d7064c9dd737364d50b533e6a4066740","backend\src\models\Game.js","activeTextEditorChange:activeTextEditorChange",1739746800000,1739780213773,1739780230981,17208
"1KBz2wBJG_Olm8yKsiLmr","d:\BZ\HTBO\HTBO","Backend","61075413d7064c9dd737364d50b533e6a4066740","backend\test\userAPI.test.js","activeTextEditorChange:activityTimeout",1739746800000,1739780230981,1739780304527,73546
"nHy3IdNtxZ7Bxbn2Ht3cj","d:\BZ\HTBO\HTBO","Backend","61075413d7064c9dd737364d50b533e6a4066740","backend\test\userAPI.test.js","windowFocus:activityTimeout",1739746800000,1739780604500,1739780604505,5
"yo6GJs9y_7qTt8Gt3bJtm","d:\BZ\HTBO\HTBO","Backend","61075413d7064c9dd737364d50b533e6a4066740","backend\test\userAPI.test.js","windowFocus:activeTextEditorChange",1739746800000,1739780675422,1739780677032,1610
"dS6myDSX_EdXzm3afD-vk","d:\BZ\HTBO\HTBO","Backend","61075413d7064c9dd737364d50b533e6a4066740","backend\src\app.js","activeTextEditorChange:activeTextEditorChange",1739746800000,1739780677032,1739780677762,730
"nlEns8nE_MYe0PDdc6t5q","d:\BZ\HTBO\HTBO","Backend","61075413d7064c9dd737364d50b533e6a4066740","backend\src\server.js","activeTextEditorChange:activeTextEditorChange",1739746800000,1739780677762,1739780694242,16480
"xWcTBO4BdTqBW0GLL0vRP","d:\BZ\HTBO\HTBO","Backend","61075413d7064c9dd737364d50b533e6a4066740","backend\test\userAPI.test.js","activeTextEditorChange:activeTextEditorChange",1739746800000,1739780694242,1739780729279,35037
"HPU3HHV3kr5-F78_rDaTI","d:\BZ\HTBO\HTBO","Backend","61075413d7064c9dd737364d50b533e6a4066740","backend\src\controllers\userController.js","activeTextEditorChange:activityTimeout",1739746800000,1739780729279,1739780850810,121531
"H_9HgFQnqaNVM7DPgt2kq","d:\BZ\HTBO\HTBO","Backend","61075413d7064c9dd737364d50b533e6a4066740","backend\src\controllers\userController.js","windowFocus:activeTextEditorChange",1739746800000,1739781078539,1739781078633,94
"eCcoSF5BzMl4n32_fMYUb","d:\BZ\HTBO\HTBO","Backend","61075413d7064c9dd737364d50b533e6a4066740","backend\.env","activeTextEditorChange:activeTextEditorChange",1739746800000,1739781078633,1739781106426,27793
"96jO1WGQGllfeXeeK5FDW","d:\BZ\HTBO\HTBO","Backend","61075413d7064c9dd737364d50b533e6a4066740","backend\src\routes\userRoutes.js","activeTextEditorChange:activeTextEditorChange",1739746800000,1739781106426,1739781140423,33997
"jFgetM3FO6CFdgFXLrZAs","d:\BZ\HTBO\HTBO","Backend","61075413d7064c9dd737364d50b533e6a4066740","backend\src\controllers\userController.js","activeTextEditorChange:activeTextEditorChange",1739746800000,1739781140423,1739781277408,136985
"MUzMy5fpx7QmhFkbkkqA6","d:\BZ\HTBO\HTBO","Backend","61075413d7064c9dd737364d50b533e6a4066740","backend\.env","activeTextEditorChange:activeTextEditorChange",1739746800000,1739781277408,1739781286512,9104
"7jxU5biAMW71mgLT5P93f","d:\BZ\HTBO\HTBO","Backend","61075413d7064c9dd737364d50b533e6a4066740",".env","activeTextEditorChange:activeTextEditorChange",1739746800000,1739781286512,1739781307712,21200
"cHf_YvQ97IkPFeEamXQUA","d:\BZ\HTBO\HTBO","Backend","61075413d7064c9dd737364d50b533e6a4066740","backend\test\userAPI.test.js","activeTextEditorChange:activeTextEditorChange",1739746800000,1739781307712,1739781311953,4241
"2mkGbxtCiIOHVBB3XOjbp","d:\BZ\HTBO\HTBO","Backend","61075413d7064c9dd737364d50b533e6a4066740","backend\src\app.js","activeTextEditorChange:activeTextEditorChange",1739746800000,1739781311953,1739781313786,1833
"IvZCCw5KTitkcMOyT2vGk","d:\BZ\HTBO\HTBO","Backend","61075413d7064c9dd737364d50b533e6a4066740","backend\src\server.js","activeTextEditorChange:activeTextEditorChange",1739746800000,1739781313786,1739781316847,3061
"k0h5eUYGZRYf18RuBOyjq","d:\BZ\HTBO\HTBO","Backend","61075413d7064c9dd737364d50b533e6a4066740",".env","activeTextEditorChange:activeTextEditorChange",1739746800000,1739781316847,1739781350296,33449
"zx3G3n4uJSqobZdXIf0Hm","d:\BZ\HTBO\HTBO","Backend","61075413d7064c9dd737364d50b533e6a4066740","backend\src\controllers\gameController.js","activeTextEditorChange:activeTextEditorChange",1739746800000,1739781350296,1739781354425,4129
"4zpfCzWCk7Lewc8KaD29_","d:\BZ\HTBO\HTBO","Backend","61075413d7064c9dd737364d50b533e6a4066740","backend\src\controllers\userController.js","activeTextEditorChange:activeTextEditorChange",1739746800000,1739781354425,1739781552848,198423
"c4B6h2uuahJcMxHJKBC1_","d:\BZ\HTBO\HTBO","Backend","61075413d7064c9dd737364d50b533e6a4066740","backend\src\models\User.js","activeTextEditorChange:activeTextEditorChange",1739746800000,1739781552848,1739781580897,28049
"JwOPop_x3qdNVeFEivReE","d:\BZ\HTBO\HTBO","Backend","61075413d7064c9dd737364d50b533e6a4066740","backend\src\controllers\userController.js","activeTextEditorChange:activeTextEditorChange",1739746800000,1739781580897,1739781594368,13471
"CIvBOcJRO_Hsr8_sk6338","d:\BZ\HTBO\HTBO","Backend","61075413d7064c9dd737364d50b533e6a4066740","backend\src\routes\userRoutes.js","activeTextEditorChange:activeTextEditorChange",1739746800000,1739781594368,1739781623881,29513
"LX77pxZjwWKMw3-PDr5o_","d:\BZ\HTBO\HTBO","Backend","61075413d7064c9dd737364d50b533e6a4066740","backend\src\controllers\userController.js","activeTextEditorChange:activeTextEditorChange",1739746800000,1739781623881,1739781626776,2895
"hu-Vq4QaL-VgzPEBgh1ze","d:\BZ\HTBO\HTBO","Backend","61075413d7064c9dd737364d50b533e6a4066740","backend\src\routes\userRoutes.js","activeTextEditorChange:activeTextEditorChange",1739746800000,1739781626776,1739781630303,3527
"w1uWAOXbrEJB2SkOZ4BXV","d:\BZ\HTBO\HTBO","Backend","61075413d7064c9dd737364d50b533e6a4066740","backend\src\controllers\userController.js","activeTextEditorChange:activityTimeout",1739746800000,1739781630303,1739781659316,29013
"MjfizXSKsth3DcFTBKU7B","d:\BZ\HTBO\HTBO","Backend","61075413d7064c9dd737364d50b533e6a4066740","backend\src\controllers\userController.js","editorSelectionChange:activityTimeout",1739746800000,1739781724945,1739781826620,101675
"Mma_kgtUuRf2SP-ghR08Y","d:\BZ\HTBO\HTBO","Backend","61075413d7064c9dd737364d50b533e6a4066740","backend\src\controllers\userController.js","windowFocus:activityTimeout",1739746800000,1739782039526,1739782041704,2178
"0WzMyY1ZRgyCcO0QSq_FW","d:\BZ\HTBO\HTBO","Backend","61075413d7064c9dd737364d50b533e6a4066740","backend\src\controllers\userController.js","windowFocus:activityTimeout",1739746800000,1739782109514,1739782404151,294637
"OrjAWSwPdLX_TUXcYRElA","d:\BZ\HTBO\HTBO","Backend","61075413d7064c9dd737364d50b533e6a4066740","backend\src\controllers\userController.js","editorSelectionChange:activeTextEditorChange",1739746800000,1739782482094,1739782708504,226410
"Rr6UV9kWHoXSz6eLfL6Ku","d:\BZ\HTBO\HTBO","","","extension-output-Emeraldwalk.vscode-timespent-#1-Time Spent","activeTextEditorChange:activeTextEditorChange",1739746800000,1739782708504,1739782748531,40027
